{"count":1,"self":39.3869696,"total":53.8107274,"children":{"AgentResetIfDone":{"count":2644,"self":0.023014299999999998,"total":0.023014299999999998,"children":null},"AgentSendState":{"count":2644,"self":0.0912269,"total":0.3362688,"children":{"CollectObservations":{"count":4639,"self":0.24504189999999998,"total":0.24504189999999998,"children":null}}},"DecideAction":{"count":2644,"self":13.9540448,"total":13.954044099999999,"children":null},"AcademyStep":{"count":2644,"self":0.0132801,"total":0.0132801,"children":null},"AgentAct":{"count":2644,"self":0.096136699999999992,"total":0.096136699999999992,"children":null}}}