{"count":1,"self":1408.8511488,"total":7683.6425886,"children":{"AgentResetIfDone":{"count":300394,"self":3.9886388,"total":3.9886388999999998,"children":null},"AgentSendState":{"count":300394,"self":120.6208128,"total":561.231283,"children":{"CollectObservations":{"count":8783663,"self":440.61045759999996,"total":440.61046469999997,"children":null}}},"DecideAction":{"count":300394,"self":5603.3595392,"total":5642.7753991,"children":{"AgentInfo.ToProto":{"count":600788,"self":39.4158688,"total":39.415869799999996,"children":null}}},"AcademyStep":{"count":300394,"self":1.380318,"total":1.380318,"children":null},"AgentAct":{"count":300394,"self":65.414822399999991,"total":65.414819299999991,"children":null}}}