{"count":1,"self":1.793594,"total":2.6270719,"children":{"AgentResetIfDone":{"count":202,"self":0.0020033,"total":0.0020033,"children":null},"AgentSendState":{"count":202,"self":0.0099925,"total":0.032548099999999996,"children":{"CollectObservations":{"count":404,"self":0.0225556,"total":0.0225556,"children":null}}},"DecideAction":{"count":202,"self":0.78206749999999992,"total":0.78206749999999992,"children":null},"AcademyStep":{"count":202,"self":0.0038929999999999998,"total":0.0038929999999999998,"children":null},"AgentAct":{"count":202,"self":0.0119729,"total":0.0119729,"children":null}}}