{"count":1,"self":143.3350912,"total":179.1785715,"children":{"AgentResetIfDone":{"count":8708,"self":0.0355269,"total":0.0355269,"children":null},"AgentSendState":{"count":8708,"self":0.1948628,"total":0.77952979999999994,"children":{"CollectObservations":{"count":15220,"self":0.58466699999999994,"total":0.58466699999999994,"children":null}}},"DecideAction":{"count":8708,"self":34.7594336,"total":34.7594332,"children":null},"AcademyStep":{"count":8708,"self":0.0402895,"total":0.0402895,"children":null},"AgentAct":{"count":8708,"self":0.2276953,"total":0.2276953,"children":null}}}